0.46;-0.90;-0.07;-1.83;-1.89;3.54;47.57;43.97;45.17
0.46;-0.90;-0.07;-1.77;-1.34;3.23;48.02;44.08;42.93
0.46;-0.90;-0.06;-1.83;-1.16;3.36;47.89;43.71;44.68
0.45;-0.93;-0.06;-1.89;-0.55;4.33;48.00;43.74;45.26
0.45;-0.90;-0.06;-1.89;0.24;5.37;48.44;44.47;44.84
0.46;-0.90;-0.07;-2.08;0.31;5.25;47.69;43.95;44.08
0.46;-0.90;-0.07;-1.40;0.00;5.07;47.80;43.88;45.02
0.47;-0.90;-0.07;-1.53;0.24;5.37;47.29;43.51;43.23
0.46;-0.90;-0.07;-1.22;-0.55;4.58;48.11;43.27;44.14
0.46;-0.90;-0.07;-1.16;-0.61;4.88;48.05;43.63;43.14
0.46;-0.90;-0.07;-1.34;-0.49;4.88;47.89;43.73;44.65
0.46;-0.90;-0.07;-1.40;-0.85;4.70;48.11;43.33;43.79
0.46;-0.90;-0.07;-1.71;-0.85;4.39;47.67;43.31;44.19
0.47;-0.90;-0.07;-1.83;-1.10;4.15;48.43;43.69;44.10
0.47;-0.90;-0.07;-1.95;-0.85;4.09;48.47;43.33;43.52
0.46;-0.90;-0.07;-2.08;-0.73;4.09;47.91;43.53;44.29
0.46;-0.90;-0.07;-1.89;-0.98;4.03;47.97;43.38;44.01
0.47;-0.90;-0.07;-1.83;-1.28;4.03;47.85;43.53;44.89
0.46;-0.90;-0.06;-1.46;-0.79;4.09;47.95;43.27;43.87
0.47;-0.90;-0.07;-0.92;-1.46;4.09;48.22;43.65;43.84
0.46;-0.90;-0.07;-1.04;-1.16;4.33;48.17;43.63;45.56
0.47;-0.90;-0.07;-1.40;-1.04;4.03;47.99;43.63;43.91
0.46;-0.90;-0.07;-1.34;-0.85;3.72;48.23;43.55;45.58
0.47;-0.90;-0.07;-1.46;-0.85;3.60;48.08;43.47;43.91
0.46;-0.90;-0.07;-1.22;-1.04;3.54;47.89;43.04;44.07
0.46;-0.90;-0.07;-1.22;-0.92;3.60;47.96;43.19;43.37
0.46;-0.90;-0.07;-1.22;-1.16;3.60;48.74;43.81;45.02
0.46;-0.90;-0.07;-1.04;-0.98;3.60;48.23;43.62;43.46
0.46;-0.90;-0.07;-1.28;-0.73;3.54;47.89;43.29;44.13
0.46;-0.90;-0.07;-1.40;-0.85;3.66;48.32;43.53;43.23
0.46;-0.90;-0.07;-1.40;-0.43;4.15;48.01;43.54;44.31
0.46;-0.90;-0.07;-1.53;-0.31;4.21;48.32;43.81;44.14
0.46;-0.90;-0.07;-1.34;-0.37;4.15;48.49;43.68;44.02
0.46;-0.90;-0.07;-1.16;-0.43;3.97;48.01;43.07;44.64
0.46;-0.90;-0.07;-1.04;-0.79;3.54;48.06;43.70;43.37
0.46;-0.90;-0.07;-1.10;-1.04;3.30;48.47;43.55;44.57
0.46;-0.90;-0.08;-1.16;-1.22;3.11;47.61;43.55;43.91
0.46;-0.90;-0.08;-1.10;-0.98;3.05;47.81;43.46;44.80
0.46;-0.90;-0.07;-1.65;-0.24;2.56;48.69;43.76;45.01
0.45;-0.90;-0.07;-1.89;0.00;2.50;48.62;43.74;44.15
0.45;-0.90;-0.07;-1.89;-0.24;3.48;48.24;43.57;44.43
0.45;-0.91;-0.07;-1.53;-0.43;4.52;48.75;43.98;44.24
0.45;-0.90;-0.07;-1.34;-0.49;4.82;48.17;43.20;44.69
0.46;-0.90;-0.07;-1.22;-0.73;4.82;48.18;43.01;44.21
0.45;-0.88;-0.07;-1.04;-1.22;4.58;48.29;43.55;44.40
0.46;-0.90;-0.07;-1.16;-1.28;4.64;48.01;43.82;44.59
0.46;-0.90;-0.08;-1.22;-1.34;4.39;48.41;43.64;44.65
0.46;-0.90;-0.08;-1.34;-1.53;4.27;48.40;43.52;44.43
0.46;-0.90;-0.07;-1.46;-1.10;4.33;48.77;44.19;44.74
0.46;-0.90;-0.07;-1.40;-1.16;3.91;47.95;43.07;43.64
0.46;-0.90;-0.07;-1.53;-1.16;3.91;48.13;43.64;44.68
0.46;-0.90;-0.07;-1.77;-0.85;4.21;47.47;43.88;45.01
0.45;-0.90;-0.07;-1.77;-0.73;4.33;48.13;44.10;45.18
0.46;-0.90;-0.07;-1.71;-0.55;4.33;48.02;43.41;44.91
0.46;-0.90;-0.07;-1.95;-0.55;3.97;47.81;43.65;44.69
0.46;-0.90;-0.07;-1.71;-0.67;3.91;48.22;43.21;44.53
0.46;-0.90;-0.07;-1.83;-0.61;3.91;48.35;43.41;43.86
0.46;-0.90;-0.07;-1.89;-0.55;4.15;48.74;43.13;45.00
0.46;-0.90;-0.07;-1.71;-0.73;4.21;48.10;43.82;44.58
0.46;-0.90;-0.07;-1.59;-0.85;4.03;48.54;43.26;44.76
0.46;-0.90;-0.07;-1.34;-0.73;3.85;48.51;43.31;44.30
0.46;-0.90;-0.07;-1.34;-0.92;3.66;48.63;43.69;43.08
0.46;-0.90;-0.07;-1.40;-0.92;3.66;47.80;43.36;44.62
0.46;-0.90;-0.07;-1.65;-0.67;3.54;48.06;43.81;44.36
0.46;-0.90;-0.07;-1.59;-0.67;3.54;48.02;43.82;45.10
0.45;-0.90;-0.07;-1.89;-0.73;3.36;47.83;44.25;44.48
0.46;-0.90;-0.07;-1.77;-0.92;3.36;48.46;43.98;45.23
0.45;-0.90;-0.07;-1.46;-0.73;3.78;48.27;43.86;44.57
0.45;-0.91;-0.07;-1.28;-0.79;3.78;48.18;43.25;44.27
0.45;-0.91;-0.07;-0.85;-0.92;3.54;48.22;44.21;43.70
0.45;-0.91;-0.07;-0.92;-1.22;3.36;47.95;44.10;44.10
0.45;-0.91;-0.08;-1.53;-1.28;3.11;48.02;44.13;43.48
0.45;-0.91;-0.07;-1.71;-1.10;3.66;48.39;43.59;42.85
0.45;-0.91;-0.07;-2.14;-1.04;4.09;48.24;43.69;43.75
0.45;-0.91;-0.07;-2.01;-1.22;4.15;48.14;43.37;44.40
0.45;-0.91;-0.07;-1.71;-1.28;4.15;48.16;43.51;43.96
0.45;-0.91;-0.07;-0.98;-1.34;4.21;48.62;44.49;43.93
0.45;-0.91;-0.07;-1.16;-0.98;4.58;48.38;43.70;44.01
0.45;-0.90;-0.07;-1.46;-0.06;5.07;48.58;44.27;44.36
0.45;-0.91;-0.07;-0.92;-0.31;5.55;48.21;44.15;44.93
0.45;-0.90;-0.08;-1.28;0.06;6.04;48.18;43.48;44.89
0.46;-0.90;-0.07;-1.34;0.37;6.10;48.19;43.63;46.02
0.46;-0.90;-0.08;-1.46;0.06;5.00;48.86;43.88;42.49
0.46;-0.90;-0.07;-0.92;-0.55;3.78;48.35;43.59;44.52
0.47;-0.90;-0.07;-0.67;-0.79;2.50;48.43;44.14;45.01
0.45;-0.91;-0.07;0.06;0.06;2.44;48.57;43.64;44.42
0.44;-0.91;-0.08;0.37;-0.12;3.97;48.54;44.14;44.89
0.44;-0.91;-0.07;1.28;0.73;6.10;48.22;43.97;45.07
0.45;-0.90;-0.09;1.46;1.65;6.96;49.11;43.81;45.51
0.47;-0.89;-0.09;1.95;0.73;4.70;48.32;43.59;45.34
0.46;-0.89;-0.10;2.14;1.28;2.62;48.99;43.41;45.75
0.46;-0.90;-0.09;2.20;1.53;3.30;49.21;43.51;44.71
0.44;-0.90;-0.09;2.44;3.05;3.91;49.34;43.71;45.70
0.46;-0.90;-0.11;3.36;3.11;4.52;49.00;43.69;45.56
0.46;-0.90;-0.10;5.62;0.61;3.97;49.40;43.80;45.97
0.43;-0.90;-0.13;6.35;-3.42;3.97;48.90;43.44;45.50
0.44;-0.92;-0.12;5.62;-1.59;5.86;48.69;44.31;46.63
0.45;-0.90;-0.14;4.64;-0.61;9.89;49.48;44.04;45.68
0.47;-0.90;-0.15;2.81;-0.24;11.05;49.58;43.91;46.95
0.50;-0.87;-0.16;-2.20;0.79;7.26;49.45;43.63;46.12
0.47;-0.90;-0.15;-2.56;-1.59;2.69;49.76;43.70;46.03
0.48;-0.89;-0.15;-3.72;-2.75;1.46;49.33;43.51;47.28
0.47;-0.90;-0.15;-5.31;-4.76;0.37;49.33;43.95;46.80
0.47;-0.89;-0.16;-8.73;-4.39;-3.11;49.40;43.81;46.26
0.46;-0.90;-0.09;-10.19;-3.23;-4.21;49.23;44.24;46.29
0.42;-0.91;-0.09;-7.39;-2.01;-3.72;48.79;43.84;44.47
0.42;-0.91;-0.10;-6.84;-0.43;-1.40;48.73;44.65;46.96
0.43;-0.91;-0.09;-5.98;-1.65;-0.06;48.96;44.20;45.21
0.43;-0.92;-0.08;-4.94;-1.77;0.24;48.32;44.75;46.26
0.41;-0.91;-0.10;-6.59;-1.46;-1.40;47.95;44.52;45.53
0.41;-0.95;-0.07;-6.29;-2.26;-1.71;47.29;44.80;44.25
0.44;-0.93;-0.07;-10.44;3.42;-1.59;47.34;45.39;43.79
0.54;-0.93;-0.09;-10.74;4.88;-8.54;47.33;45.35;44.04
0.45;-1.04;-0.05;-5.43;-2.08;-11.54;47.27;45.84;44.90
0.48;-1.06;0.02;-11.84;12.21;-13.12;46.57;45.80;45.19
0.48;-0.97;-0.00;-8.36;5.74;-12.21;45.67;46.61;44.89
0.38;-0.90;-0.06;-6.35;-7.57;-10.50;45.54;46.58;43.38
0.29;-0.94;-0.05;-11.60;-3.66;-5.19;45.28;46.36;43.51
0.24;-0.89;-0.06;-5.86;-2.08;-3.30;45.56;45.80;42.82
0.21;-0.82;-0.05;1.22;-6.90;-1.22;45.37;45.84;43.42
0.10;-0.93;-0.05;0.49;-5.80;4.52;45.14;46.14;43.33
0.20;-0.89;-0.06;-2.44;16.05;8.24;44.98;45.95;43.20
0.30;-0.93;-0.00;-5.25;21.24;8.06;46.06;46.00;44.31
0.33;-0.92;-0.11;-7.63;10.50;11.54;45.79;46.22;43.98
0.29;-0.91;-0.09;-3.30;14.10;7.02;46.46;45.62;44.68
0.22;-0.92;-0.14;-0.67;3.23;4.82;46.63;46.66;45.29
0.28;-0.95;0.05;-1.59;12.39;6.04;46.41;46.14;45.48
0.38;-0.92;0.06;4.03;-4.70;6.65;46.15;46.04;44.36
0.37;-1.00;-0.02;11.35;-20.63;9.77;46.44;46.63;45.53
0.37;-0.92;-0.06;8.48;-14.89;9.64;46.52;47.27;45.70
0.37;-1.02;-0.13;4.76;-13.06;11.41;45.53;46.75;44.04
0.34;-1.00;0.00;0.24;0.73;12.27;46.14;47.31;45.36
0.33;-0.94;0.01;0.67;-6.65;11.05;46.26;47.79;44.86
0.29;-0.98;-0.09;-0.98;-7.81;22.77;45.83;47.69;44.96
0.26;-1.01;-0.11;-2.01;-3.91;33.20;46.57;46.25;45.13
0.64;-0.90;0.04;-4.76;12.63;19.96;47.62;45.14;45.10
0.51;-0.84;-0.26;12.39;-24.48;11.11;47.22;45.20;44.49
0.39;-0.91;-0.07;13.67;-22.34;6.35;47.08;45.36;43.95
0.36;-0.98;0.06;12.63;-13.37;1.89;47.33;45.45;44.14
0.40;-0.93;-0.12;6.77;-11.17;8.85;47.29;45.47;43.73
0.46;-0.90;-0.07;0.92;-2.44;9.22;47.01;45.32;44.41
0.46;-0.90;-0.09;2.75;-3.23;6.47;47.67;44.85;44.48
0.44;-0.92;-0.09;-1.59;-2.20;1.77;47.12;44.51;43.62
0.45;-0.91;-0.08;-2.69;0.49;1.77;47.47;44.89;43.33
0.49;-0.87;-0.10;-4.52;5.13;1.83;47.63;45.03;43.79
0.39;-0.95;-0.07;-8.00;11.60;0.92;48.03;44.67;44.78
0.44;-0.94;-0.06;-10.01;16.42;-4.33;47.52;44.93;45.19
0.41;-0.94;-0.06;-9.52;12.15;-4.46;47.07;45.19;45.12
0.45;-0.95;-0.09;-7.26;4.39;-6.35;47.77;45.26;44.17
0.45;-1.02;-0.07;-8.30;9.46;-8.00;47.17;45.94;44.13
0.48;-1.02;-0.02;-11.60;16.72;-6.41;46.68;45.10;46.19
0.50;-0.99;-0.04;-10.50;14.16;-6.59;47.02;45.50;45.25
0.47;-0.92;-0.09;-6.53;5.31;-8.42;46.51;46.00;45.14
0.28;-0.92;-0.05;-6.04;-2.14;-7.45;46.30;46.17;45.08
0.26;-0.91;0.02;-12.63;11.90;-3.05;46.34;46.03;45.20
0.26;-0.88;0.00;-11.17;15.63;-0.43;47.08;45.56;45.04
0.15;-0.88;-0.13;-5.19;-2.32;2.26;46.69;45.39;44.91
0.18;-0.91;-0.07;-3.54;4.64;3.66;46.53;45.64;45.46
0.21;-0.89;-0.04;3.36;-5.49;4.52;46.13;45.76;45.59
0.29;-0.96;-0.04;-0.67;0.67;4.46;45.94;46.25;45.72
0.29;-0.94;-0.02;-0.24;4.70;5.62;46.29;46.67;45.51
0.37;-0.96;-0.04;0.67;2.50;4.94;45.67;46.97;46.34
0.36;-0.89;-0.04;-1.34;5.68;5.19;46.12;47.72;45.95
0.27;-0.98;-0.10;9.09;-15.50;5.37;45.83;47.63;46.14
0.39;-0.90;-0.02;1.95;3.66;6.96;46.01;47.47;45.26
0.35;-0.98;-0.14;11.66;-19.04;9.22;45.86;47.61;45.84
0.35;-0.95;0.01;4.09;2.14;11.05;45.64;47.71;45.74
0.41;-0.96;-0.14;10.19;-17.21;9.46;46.33;48.27;45.80
0.39;-1.00;-0.04;1.95;0.85;9.40;45.85;47.33;46.84
0.37;-0.96;-0.06;5.07;-5.37;12.08;46.07;47.55;47.62
0.33;-0.95;-0.08;1.77;-1.40;15.08;46.45;46.58;46.52
0.38;-0.91;-0.12;3.97;-4.39;16.97;46.31;47.02;45.20
0.42;-1.00;-0.10;2.81;-5.25;18.92;47.64;46.29;46.08
0.49;-0.91;-0.09;4.27;-3.48;16.60;46.96;46.84;46.09
0.42;-0.94;-0.10;1.95;-5.49;13.92;47.46;46.24;46.03
0.47;-0.89;-0.13;0.73;-4.21;8.67;48.12;45.65;46.92
0.44;-0.92;-0.08;3.72;-9.83;7.14;48.07;45.57;46.09
0.43;-0.92;-0.10;4.82;-9.52;6.23;47.71;45.21;46.40
0.44;-0.91;-0.11;1.53;-8.91;4.15;47.64;45.39;45.32
0.44;-0.91;-0.11;-2.08;-4.82;2.14;47.96;45.21;46.11
0.44;-0.91;-0.09;-4.33;-2.62;-1.22;47.63;45.36;45.96
0.43;-0.93;-0.11;-6.84;-0.92;-4.15;47.44;45.96;45.29
0.47;-0.91;-0.08;-11.60;8.24;-4.70;47.31;45.90;46.00
0.48;-0.94;-0.08;-9.46;9.89;-7.57;47.07;45.47;45.73
0.48;-1.00;-0.05;-7.69;3.66;-13.06;47.50;45.76;46.90
0.50;-1.03;-0.06;-5.25;0.49;-13.55;46.75;46.39;46.17
0.36;-1.00;-0.09;-11.60;13.18;-4.64;46.70;46.39;44.48
0.42;-0.94;-0.04;-20.87;27.53;-0.12;46.92;46.77;46.53
0.41;-0.90;-0.08;-2.56;-13.00;-6.84;46.92;46.61;45.37
0.27;-0.92;-0.04;-9.83;-6.10;-5.86;46.86;45.95;45.43
0.18;-0.88;0.03;-8.06;6.65;-1.89;46.73;45.86;44.47
0.21;-0.90;-0.01;-6.84;15.81;-0.12;46.78;45.36;44.87
0.19;-0.90;-0.07;-6.53;11.90;0.61;46.19;45.53;46.45
0.33;-0.96;-0.10;-5.86;10.38;2.26;46.55;45.36;45.70
0.33;-0.95;-0.01;-7.51;15.20;0.12;46.58;45.92;46.01
0.38;-0.99;-0.01;-3.60;1.16;-1.53;46.24;45.96;45.98
0.27;-0.94;-0.02;-0.18;-3.91;-0.73;45.96;46.04;45.43
0.23;-0.93;-0.08;1.34;-10.99;2.50;46.06;46.83;44.12
0.19;-0.95;-0.11;-1.40;-3.17;2.75;45.40;46.26;43.97
0.11;-0.92;-0.14;1.04;-8.54;4.21;45.46;46.23;44.80
0.00;-0.93;0.20;-14.16;39.31;13.37;45.70;46.85;45.42
0.50;-0.85;-0.15;6.04;0.79;13.79;45.69;47.34;46.68
0.01;-1.03;0.26;-10.93;8.12;16.11;45.28;48.05;46.30
0.50;-0.88;-0.18;16.17;-22.28;11.84;45.59;47.72;47.16
0.17;-1.16;-0.04;-4.21;-4.88;26.79;45.41;47.60;45.48
0.50;-0.91;-0.03;15.26;-9.28;26.12;46.47;46.63;46.24
0.35;-1.05;-0.01;9.83;-22.34;25.94;46.85;46.75;45.24
0.55;-0.96;-0.34;11.35;-12.27;21.97;47.16;46.19;46.34
0.37;-1.02;0.01;12.51;-21.30;1.71;47.81;45.41;45.72
0.51;-1.00;0.01;14.95;-33.39;-4.09;48.03;45.42;45.39
0.21;-1.03;-0.08;7.51;-24.84;17.33;46.95;45.94;43.16
0.46;-0.90;-0.03;1.77;2.32;13.18;47.95;45.45;43.49
0.52;-0.87;-0.13;9.89;-15.44;13.85;48.11;45.36;43.68
0.48;-0.87;-0.04;16.48;-29.24;9.34;47.41;45.28;44.07
0.42;-0.92;-0.07;8.00;-15.44;8.61;47.51;45.08;44.20
0.70;-0.70;-0.13;0.73;3.23;6.10;46.98;45.42;43.52
0.26;-1.20;-0.00;-3.23;4.21;10.50;47.14;44.56;43.69
0.49;-0.87;-0.10;-8.79;11.11;6.77;47.30;44.52;43.26
0.44;-0.93;-0.07;-7.87;14.47;4.70;47.42;44.68;43.07
0.46;-0.91;-0.08;-10.44;10.50;1.46;48.01;44.75;43.41
0.49;-0.90;-0.08;-6.77;3.72;-2.32;47.36;44.46;43.69
0.45;-0.91;-0.05;-8.24;7.14;-1.22;47.40;45.13;43.87
0.48;-0.92;-0.08;-8.85;10.74;-5.07;47.52;45.10;43.90
0.50;-0.95;-0.08;-6.71;5.43;-6.84;47.01;45.19;45.32
0.46;-1.02;-0.08;-8.79;14.04;-8.06;47.07;45.29;45.06
0.46;-1.00;0.01;-12.63;16.78;-4.94;47.00;45.21;45.51
0.48;-0.95;-0.02;-8.67;6.47;-5.86;46.95;44.91;44.89
0.52;-0.92;-0.13;1.89;-7.81;-8.54;46.46;45.39;44.24
0.31;-0.93;-0.04;-10.38;8.12;-5.25;46.29;45.19;45.18
0.36;-0.86;0.08;-19.71;29.85;-2.01;46.42;44.85;44.93
0.27;-0.82;0.02;-14.65;14.83;-3.11;46.96;44.52;44.57
0.15;-0.85;-0.05;-3.91;-0.85;-3.78;46.83;44.42;44.93
0.08;-0.94;-0.16;-0.73;-11.54;3.36;46.80;44.58;45.32
0.32;-0.98;0.04;-6.10;15.01;3.48;46.85;44.75;44.78
0.46;-0.99;-0.03;-1.04;0.06;0.92;46.85;44.71;45.23
0.42;-0.97;0.09;-7.20;12.94;0.43;46.85;44.92;45.13
0.28;-0.94;-0.01;0.61;-3.11;1.59;46.36;44.92;45.35
0.19;-0.92;-0.15;3.97;-8.48;1.65;45.97;45.42;44.68
0.10;-0.96;-0.18;0.37;-5.68;6.90;46.55;45.19;45.40
0.23;-0.81;-0.04;-15.38;34.67;11.72;46.06;45.91;46.36
0.37;-0.93;-0.06;3.60;-0.43;11.47;46.66;45.87;45.50
0.29;-0.93;0.33;-10.86;25.45;15.26;46.00;46.20;46.09
0.53;-0.95;-0.18;23.56;-34.18;7.93;46.14;46.22;46.01
0.22;-0.99;-0.07;5.49;-8.67;15.87;45.87;46.20;46.97
0.39;-0.96;-0.14;10.80;-10.56;9.40;46.11;46.23;46.47
0.41;-1.02;0.10;-2.56;10.38;17.15;46.31;46.75;46.81
0.51;-0.90;-0.04;3.91;-3.60;18.07;46.91;46.12;46.80
0.35;-0.93;-0.05;7.51;-12.45;21.73;47.45;46.51;46.47
0.26;-0.87;-0.16;7.45;-18.62;34.97;47.77;44.96;46.22
0.75;-0.99;-0.02;9.09;3.23;12.21;48.18;44.24;46.70
0.52;-0.99;0.00;19.35;-28.32;5.37;48.67;44.32;46.07
0.38;-0.91;-0.07;13.73;-25.02;1.89;48.16;44.71;45.81
0.44;-0.92;-0.06;8.36;-9.28;12.88;48.25;44.25;44.74
0.47;-0.90;-0.11;7.32;-6.71;14.95;48.84;43.82;44.91
0.56;-0.83;-0.13;12.39;-19.96;10.44;48.99;43.66;45.46
0.45;-0.91;-0.09;15.50;-30.64;9.40;48.69;43.71;43.99
0.55;-0.84;-0.07;2.38;-5.13;5.92;48.07;43.48;42.81
0.42;-0.93;-0.11;-8.36;11.35;3.30;48.03;43.58;44.58
0.56;-0.81;-0.13;-6.47;8.36;-1.89;47.85;43.54;44.75
0.37;-1.02;-0.06;-3.30;4.76;1.16;48.68;43.53;45.40
0.51;-0.88;-0.11;-11.41;19.84;0.31;48.60;43.98;45.76
0.50;-0.91;-0.09;-4.76;5.68;-2.75;48.24;43.60;45.95
0.47;-0.94;-0.08;-9.22;9.64;-5.68;47.83;43.80;45.50
0.46;-0.98;-0.08;-7.87;0.00;-6.35;47.84;44.04;45.45
0.50;-1.02;-0.09;-9.64;6.77;-9.64;47.62;44.26;45.23
0.50;-1.01;-0.05;-11.11;14.53;-8.36;47.63;44.96;46.34
0.45;-0.95;0.01;-15.81;15.93;-4.82;47.07;45.02;46.08
0.48;-0.93;-0.01;-8.79;3.11;-4.70;47.31;45.18;45.54
0.52;-0.83;-0.17;0.24;-17.15;-10.31;47.09;44.98;45.48
0.23;-0.91;-0.09;-5.92;-6.10;-5.92;46.77;44.26;44.48
0.18;-0.86;-0.02;-4.58;2.20;-4.64;46.75;44.08;44.38
0.21;-0.89;-0.07;-2.26;2.14;-3.54;47.16;43.97;43.88
0.25;-0.93;-0.12;-2.32;-3.66;-0.49;47.19;44.18;44.10
0.28;-1.00;-0.08;-4.46;1.71;3.23;46.36;43.86;42.91
0.45;-0.96;0.04;-6.96;26.86;3.42;47.49;44.15;44.97
0.42;-0.96;-0.05;-4.88;10.13;2.81;47.02;44.08;45.54
0.33;-0.94;-0.00;-6.29;10.19;1.83;46.95;44.67;45.62
0.33;-0.95;-0.04;-2.38;2.56;2.69;46.69;44.79;45.84
0.20;-0.90;-0.14;3.17;-7.63;2.99;47.23;44.68;45.43
0.24;-0.94;-0.09;0.61;-1.77;6.04;46.89;45.35;45.23
-0.00;-0.91;-0.13;1.28;0.31;6.84;46.75;45.35;45.86
0.27;-0.90;-0.06;-1.77;10.38;9.16;46.51;45.47;46.34
0.38;-0.85;-0.04;4.94;6.29;10.19;46.56;45.75;47.07
0.56;-0.90;-0.17;4.88;7.26;11.35;46.59;46.31;46.58
0.47;-0.99;-0.08;12.82;-9.22;12.82;47.06;45.94;47.79
0.34;-0.86;0.00;1.65;7.57;21.24;46.68;46.80;45.97
0.42;-1.10;-0.21;15.32;-28.32;20.32;46.77;45.95;46.23
0.43;-0.87;-0.02;2.81;3.78;25.39;47.97;45.13;47.16
0.55;-1.11;-0.17;0.43;-16.66;28.56;47.73;45.19;47.11
0.51;-0.87;-0.08;5.86;10.50;23.07;49.51;44.15;47.12
0.48;-1.01;0.00;1.59;-8.54;15.26;49.29;44.26;47.83
0.54;-0.83;-0.19;0.92;-0.18;7.81;49.29;43.81;47.09
0.41;-0.93;-0.08;-1.71;-0.12;8.48;49.15;43.14;46.94
0.50;-0.88;-0.12;0.92;2.08;9.77;49.38;43.44;47.29
0.50;-0.87;-0.13;0.85;-3.85;13.24;49.77;42.93;47.45
0.50;-0.88;-0.12;1.46;-11.35;4.03;49.93;42.26;48.22
0.47;-0.92;-0.06;-1.16;-9.22;5.00;49.87;42.71;46.34
0.48;-0.90;-0.11;2.75;-10.86;5.55;49.49;42.02;46.50
0.47;-0.89;-0.12;-1.22;-5.13;8.00;49.84;42.35;46.31
0.51;-0.85;-0.12;-0.24;-5.13;4.21;49.76;42.48;47.05
0.47;-0.90;-0.09;-2.69;-2.26;1.16;49.24;42.53;46.75
0.49;-0.88;-0.11;-3.60;-0.98;0.43;49.72;43.05;46.07
0.50;-0.88;-0.10;-6.23;2.20;0.00;49.10;43.12;45.64
0.53;-0.87;-0.11;-5.98;3.78;-3.05;49.43;43.82;46.24
0.51;-0.91;-0.06;-8.18;9.34;-6.77;48.86;43.49;45.74
0.46;-0.96;-0.04;-7.20;6.23;-9.64;48.57;43.04;46.34
0.49;-0.97;-0.08;-6.04;-2.01;-10.68;48.55;43.27;45.72
0.46;-0.99;-0.12;-9.58;5.62;-10.31;48.68;44.67;46.94
0.50;-0.94;-0.04;-14.59;16.24;-5.43;48.67;43.97;45.94
0.45;-0.94;-0.09;-9.03;4.15;-4.09;47.85;44.76;44.57
0.45;-0.91;-0.13;-8.18;2.62;-4.52;47.60;44.89;46.19
0.42;-0.92;-0.00;-12.33;9.83;-2.87;47.41;44.73;46.19
0.45;-0.87;-0.02;-10.56;6.65;-4.03;48.03;44.53;45.90
0.40;-0.90;0.10;-10.44;2.93;-4.82;48.36;43.37;45.59
0.23;-0.92;-0.03;-8.00;6.23;-3.72;48.69;43.09;45.85
0.28;-0.93;0.01;-8.18;14.34;-4.33;48.51;43.46;45.26
0.28;-0.94;-0.01;-5.49;10.50;-3.48;48.60;43.58;44.93
0.33;-0.97;-0.04;-9.16;15.38;-4.52;48.12;43.66;45.43
0.33;-0.96;0.01;-7.75;11.66;-2.56;47.94;43.80;46.28
0.27;-0.93;-0.18;-3.23;3.78;-5.68;47.71;44.36;46.56
0.20;-0.88;-0.03;-9.52;21.48;-4.21;47.60;44.38;46.63
0.24;-0.91;0.02;3.85;-9.40;2.44;47.24;44.80;47.22
0.28;-0.99;-0.05;2.32;-8.06;3.97;47.23;44.69;46.37
0.32;-1.00;-0.03;5.37;-15.38;4.09;46.80;45.46;46.62
0.39;-0.99;0.01;0.79;-5.25;4.64;46.98;45.07;46.90
0.25;-0.96;-0.01;-0.61;-0.49;5.74;46.78;45.31;47.86
0.09;-0.87;-0.10;2.01;-3.05;10.56;47.00;45.00;46.42
0.22;-0.90;0.00;5.62;-4.82;11.17;46.67;46.07;45.90
0.36;-0.86;-0.07;8.91;-11.23;11.96;46.40;46.91;46.72
0.36;-0.97;-0.07;18.43;-19.53;7.75;46.37;46.91;45.92
0.40;-0.99;0.06;-4.82;13.92;12.39;46.72;47.51;46.23
0.46;-1.03;-0.16;13.24;-22.52;15.87;46.57;46.28;46.56
0.33;-0.96;-0.01;-3.66;5.07;18.49;47.08;46.11;46.33
0.42;-0.95;-0.08;6.65;-15.56;19.96;46.59;46.44;46.02
0.35;-0.98;-0.08;-1.04;-1.77;28.20;47.49;45.53;45.40
0.45;-0.87;-0.05;-3.30;1.59;23.68;48.05;44.91;46.12
0.38;-0.92;-0.09;0.37;-8.61;32.65;48.57;44.40;46.25
0.80;-1.01;0.00;14.22;-11.90;13.37;48.97;43.46;46.34
0.47;-0.87;-0.03;3.72;-6.59;9.22;48.11;43.51;46.25
0.38;-0.92;-0.10;5.13;-16.97;7.57;48.96;43.31;45.01
0.45;-0.91;-0.05;-0.92;0.18;15.14;49.05;43.42;44.63
0.49;-0.89;-0.09;2.81;1.10;13.49;49.17;43.16;46.34
0.49;-0.90;-0.08;0.12;0.18;9.70;49.41;42.94;45.30
0.50;-0.88;-0.07;1.04;-1.04;6.77;49.16;42.87;46.17
0.47;-0.90;-0.09;2.01;-3.66;5.86;49.12;42.68;47.33
0.49;-0.89;-0.09;-1.16;-2.14;4.64;49.50;42.76;45.35
0.50;-0.88;-0.09;-3.48;1.04;1.40;49.67;43.10;45.97
0.51;-0.87;-0.10;-4.76;2.99;-1.10;49.38;43.44;46.01
0.52;-0.89;-0.07;-6.47;5.19;-4.03;49.73;43.47;46.69
0.57;-0.91;-0.07;-4.46;6.41;-10.01;49.30;43.23;45.85
0.43;-1.05;-0.06;-2.81;-4.27;-17.46;48.86;43.90;45.07
0.43;-1.04;-0.02;-5.74;2.08;-18.92;48.73;44.18;46.45
0.48;-0.96;-0.08;-9.58;8.36;-5.74;48.24;44.75;45.62
0.50;-0.92;-0.10;-13.12;12.08;-3.48;47.74;44.68;46.46
0.33;-0.94;-0.09;-8.85;-1.65;-5.25;47.84;44.32;46.19
0.37;-0.87;-0.06;-14.47;12.82;-3.72;47.42;44.21;44.98
0.28;-0.90;-0.01;-10.13;9.16;-3.23;47.86;43.43;44.78
0.36;-0.92;0.05;-11.11;18.01;-2.26;48.35;43.57;45.56
0.37;-0.92;0.15;-14.53;26.98;1.34;48.56;43.76;46.59
0.28;-0.92;-0.06;-12.45;20.26;3.78;48.46;43.57;46.81
0.29;-0.91;-0.21;-20.45;40.53;-0.18;48.86;43.23;47.72
0.32;-0.90;0.08;-8.00;14.34;1.16;48.68;43.59;47.50
0.33;-0.99;-0.10;-1.04;-6.04;-0.92;48.43;43.63;47.23
0.36;-0.96;-0.05;-6.35;7.26;-0.49;48.55;43.47;47.06
0.34;-0.94;-0.05;1.65;-6.84;-1.46;49.11;44.13;48.17
0.29;-0.93;0.09;-1.16;1.28;2.81;48.32;44.35;47.00
0.19;-0.92;-0.17;6.23;-8.97;5.92;48.63;44.97;47.58
0.05;-0.96;-0.17;7.45;-19.10;2.14;47.49;44.87;46.44
0.03;-0.92;0.42;-10.31;22.46;16.78;47.23;46.26;47.18
0.61;-0.75;-0.04;17.46;-26.31;18.43;47.14;45.54;47.30
0.15;-0.98;-0.07;15.87;-50.66;13.79;46.79;46.02;46.24
0.89;-0.82;-0.36;-0.98;-14.65;21.42;47.17;44.95;46.14
0.37;-1.07;-0.06;22.71;-17.58;14.16;47.03;45.48;45.69
0.54;-1.03;-0.04;-0.31;-13.43;25.15;47.89;44.98;46.14
0.45;-1.04;0.14;1.04;-0.37;25.39;47.77;44.23;45.65
0.62;-0.91;-0.30;19.59;-22.83;24.23;48.65;43.98;44.90
0.50;-0.98;0.12;-0.98;1.89;16.24;49.23;43.15;45.56
0.52;-0.86;-0.12;10.01;-8.91;10.19;49.10;43.01;44.60
0.43;-0.87;-0.10;5.55;-12.27;12.27;49.73;42.65;46.56
0.50;-0.92;0.04;5.62;-2.87;8.67;49.87;42.41;45.64
0.47;-0.90;-0.08;6.84;-7.20;11.35;50.05;42.20;45.67
0.51;-0.88;-0.05;3.48;-5.31;11.84;49.69;41.66;43.47
0.52;-0.86;-0.09;2.50;-4.70;9.46;50.42;41.82;44.15
0.51;-0.87;-0.07;1.16;-3.85;6.65;49.95;41.58;44.12
0.51;-0.88;-0.08;-1.10;-1.59;5.74;49.80;41.25;44.18
0.51;-0.88;-0.07;-0.67;-2.26;3.30;49.67;41.36;45.03
0.50;-0.88;-0.06;-3.23;-0.43;1.83;50.10;41.13;45.47
0.52;-0.87;-0.07;-5.13;2.87;0.92;49.46;41.28;44.06
0.52;-0.88;-0.07;-7.14;4.76;-0.73;50.39;41.66;43.99
0.54;-0.85;-0.11;-8.48;8.00;-4.15;50.33;42.02;45.43
0.53;-0.88;-0.08;-5.80;11.54;-6.04;50.15;42.07;45.54
0.51;-0.99;-0.03;-2.50;3.78;-11.96;50.02;42.74;44.89
0.51;-1.07;-0.09;-2.44;-1.83;-16.05;49.38;42.59;45.37
0.53;-0.99;0.03;-13.73;19.78;-8.91;48.71;42.91;45.79
0.48;-0.94;0.01;-21.30;24.84;-0.98;48.71;43.60;46.81
0.46;-0.83;-0.08;-19.59;16.72;-3.54;48.97;43.36;46.07
0.36;-0.87;-0.11;-10.50;-0.49;-5.19;48.82;44.27;46.02
0.40;-0.87;-0.10;-9.03;3.48;-5.62;48.99;42.81;45.68
0.34;-0.93;-0.05;-8.00;8.00;-2.08;49.73;42.63;45.74
0.26;-0.93;0.12;-14.10;25.02;-0.18;49.56;41.87;46.17
0.42;-0.92;0.07;-13.43;27.16;0.43;50.27;42.25;46.15
0.40;-0.90;0.01;-6.84;8.73;-3.05;50.21;41.97;46.89
0.26;-0.91;-0.06;0.55;-10.74;-3.85;48.80;42.96;47.16
0.22;-0.95;-0.06;0.06;-8.79;-1.83;49.10;42.98;47.13
0.34;-0.95;-0.10;1.89;-7.39;0.43;48.55;43.57;46.45
0.38;-0.96;0.04;-0.37;-1.16;1.10;48.51;44.31;46.19
0.38;-0.94;0.07;2.14;-4.09;4.03;47.14;44.52;46.24
0.29;-0.88;-0.08;1.16;-4.94;8.30;47.56;45.25;46.35
0.17;-0.95;-0.23;4.21;-13.06;8.30;47.58;44.56;45.37
0.29;-0.84;0.10;-8.91;19.59;8.18;47.52;44.71;47.13
0.38;-0.90;-0.01;6.96;-12.76;11.35;47.71;44.49;46.69
0.32;-0.84;-0.05;0.55;4.27;14.40;48.21;45.21;46.61
0.45;-0.92;-0.14;13.43;-14.22;15.44;48.14;44.02;46.11
0.36;-1.05;0.03;-3.54;-3.72;21.36;48.29;44.82;46.61
0.57;-0.79;-0.03;7.69;1.83;15.38;48.32;44.48;46.47
0.47;-1.06;-0.10;2.87;-14.40;24.72;48.51;43.66;46.00
0.60;-0.91;0.08;2.81;10.74;19.47;49.63;43.51;46.18
0.58;-1.04;-0.04;17.40;-14.89;19.78;49.34;43.31;47.40
0.51;-0.87;-0.09;7.45;-0.37;17.15;50.62;42.33;47.02
0.49;-0.88;-0.11;7.87;-4.21;11.90;50.63;42.25;46.39
0.52;-0.90;-0.04;5.55;-2.50;8.54;50.50;41.82;46.81
0.50;-0.87;-0.13;10.31;-6.35;10.13;50.98;42.02;47.00
0.50;-0.90;-0.06;4.15;-5.74;6.53;51.27;41.72;46.57
0.48;-0.90;-0.11;7.45;-10.74;5.13;50.73;41.70;47.07
0.51;-0.88;-0.11;10.38;-19.35;4.39;51.27;41.28;47.17
0.52;-0.89;-0.08;13.49;-22.71;8.54;50.92;41.04;46.72
0.51;-0.88;-0.12;10.38;-21.85;7.69;51.04;41.19;46.02
0.54;-0.83;-0.11;15.87;-33.69;3.78;50.48;41.74;45.84
0.50;-0.88;-0.08;-4.46;-2.14;0.43;49.85;42.00;45.34
0.23;-1.03;-0.09;-18.37;21.42;3.23;50.09;41.78;44.98
0.51;-0.81;-0.07;-12.39;17.88;-6.29;50.06;42.14;46.22
0.51;-0.90;-0.13;-7.93;4.82;-9.46;50.06;42.47;45.80
0.51;-0.92;-0.02;-9.70;6.65;-12.27;50.02;43.10;46.28
0.42;-0.98;-0.07;-8.73;1.28;-8.91;49.28;43.24;45.45
0.51;-0.97;-0.11;-10.80;9.40;-7.08;48.44;43.74;46.31
0.48;-0.93;0.01;-15.75;19.10;-3.72;48.90;43.75;46.40
0.44;-0.92;0.01;-12.88;5.19;-0.12;48.82;43.08;46.61
0.40;-0.92;0.03;-18.55;9.03;1.83;48.24;43.93;45.50
0.44;-0.89;0.01;-18.37;11.05;4.88;48.41;43.14;46.08
0.48;-0.88;-0.09;-10.74;2.50;4.03;48.63;43.46;45.65
0.40;-0.91;-0.09;-3.97;-5.62;-1.77;49.00;43.53;45.37
0.40;-0.89;0.02;-3.36;-3.42;-2.56;48.77;43.58;45.20
0.40;-0.90;-0.26;15.08;-23.62;-6.04;48.45;43.40;44.25
0.35;-0.92;-0.09;0.00;-2.93;-8.85;48.27;44.04;43.55
0.45;-0.95;0.05;-6.35;11.72;-6.35;48.07;43.19;44.09
0.45;-0.89;0.05;-2.08;8.54;-6.59;48.72;44.15;44.42
0.27;-0.91;-0.00;-3.30;3.48;-4.70;48.72;43.40;44.93
0.12;-0.92;-0.05;-6.41;6.35;0.67;48.96;43.27;43.70
0.30;-0.97;-0.10;-7.08;10.86;2.93;48.61;43.59;44.91
0.48;-0.91;0.02;-11.41;22.22;5.19;49.51;42.55;45.74
0.49;-0.96;0.07;-7.93;12.76;3.85;49.50;43.07;45.45
0.40;-0.92;0.07;-4.09;7.26;2.01;49.24;42.68;45.47
0.22;-0.93;-0.06;3.85;-11.90;6.59;49.27;43.23;45.80
0.17;-0.96;-0.11;-2.14;3.11;8.12;48.84;43.23;45.57
0.15;-0.93;-0.12;-1.10;7.20;5.92;49.10;43.74;46.56
0.08;-0.96;0.01;-8.24;17.33;10.25;49.23;43.54;47.81
0.38;-0.81;0.03;-6.41;18.80;13.37;48.58;44.52;47.80
0.46;-0.86;0.00;10.07;-14.22;13.67;49.23;44.37;48.03
0.44;-0.81;-0.08;14.40;-29.05;8.48;48.77;44.76;47.03
0.44;-1.01;0.11;17.09;-10.25;10.56;48.66;45.26;47.69
0.60;-0.98;-0.05;8.67;-13.12;20.81;48.74;45.10;48.56
0.41;-0.97;-0.00;15.63;-16.48;19.35;48.89;45.08;48.30
0.43;-0.95;-0.19;11.35;-18.43;31.07;48.66;44.91;45.56
0.82;-1.03;-0.02;1.16;4.64;21.61;49.68;43.70;47.12
0.49;-0.89;-0.04;13.18;-11.96;15.01;49.78;42.94;47.01
0.48;-0.82;-0.14;5.74;-0.37;11.05;50.23;42.96;45.85
0.47;-0.96;-0.01;7.51;-4.39;7.81;50.15;42.70;47.27
0.51;-0.87;-0.10;7.20;1.40;9.40;49.96;42.65;46.92
0.47;-0.91;-0.12;4.27;-2.75;11.84;50.57;41.86;49.01
0.49;-0.89;-0.10;2.62;-5.31;10.44;51.14;42.07;47.16
0.51;-0.87;-0.12;-0.12;-4.21;8.24;51.01;41.72;47.69
0.54;-0.87;-0.12;-2.08;-0.49;6.65;50.81;41.35;46.92
0.54;-0.88;-0.11;-6.65;4.88;1.95;51.05;40.73;47.24
0.53;-0.87;-0.10;-3.30;0.55;-3.85;51.31;41.19;47.13
0.50;-0.88;-0.11;-7.02;-1.89;-6.41;50.88;41.92;47.36
0.50;-0.89;-0.09;-7.02;-3.54;-8.85;50.48;42.32;46.53
0.48;-0.91;-0.08;-7.39;-1.40;-8.00;50.51;42.59;47.71
0.48;-0.93;-0.06;-6.96;-0.98;-7.39;50.20;43.04;47.08
0.49;-0.98;-0.05;-7.81;2.26;-9.28;50.39;43.30;45.72
0.54;-1.02;-0.06;-6.35;4.76;-12.45;49.52;43.70;46.78
0.61;-0.93;-0.03;3.60;-10.01;-18.80;48.55;45.01;45.81
0.46;-0.98;-0.13;7.51;-30.64;-20.39;49.08;44.63;45.56
0.31;-0.90;-0.15;-8.06;-2.75;-7.26;48.71;44.91;44.74
0.28;-0.88;-0.02;-12.63;11.41;-2.87;48.10;44.57;46.04
0.27;-0.89;0.01;-14.40;17.76;1.34;48.41;44.34;44.96
0.25;-0.88;0.08;-10.50;14.83;3.85;48.56;44.27;45.45
0.25;-0.95;-0.04;-6.90;0.79;5.13;48.08;43.98;45.47
0.35;-0.97;-0.10;-7.26;5.62;3.78;48.46;43.93;45.83
0.37;-0.92;-0.05;-10.44;10.56;6.84;48.45;44.08;45.06
0.36;-0.98;0.01;-13.92;26.06;4.39;48.61;43.79;44.19
0.42;-0.92;0.09;-12.39;33.08;-0.49;49.15;43.88;45.34
0.26;-0.95;-0.22;-8.85;14.40;0.61;48.50;44.18;45.91
0.26;-0.92;-0.06;-11.41;24.84;-4.33;48.84;43.48;46.72
0.30;-0.92;0.19;-6.29;17.40;-2.08;48.84;43.98;48.02
0.10;-0.91;-0.10;6.53;-9.22;6.41;48.28;44.67;46.51
0.03;-0.91;-0.28;19.84;-36.19;3.60;48.43;45.61;47.38
0.12;-0.92;0.14;-1.28;-5.00;15.69;46.73;45.54;46.90
0.66;-0.75;0.17;7.87;1.16;22.71;47.49;45.89;47.45
0.21;-0.98;-0.09;22.71;-37.60;26.31;47.71;45.69;46.97
0.70;-0.81;-0.27;8.06;-2.69;18.68;48.62;45.02;46.70
0.43;-0.94;-0.14;13.18;-31.19;23.86;48.68;45.10;46.51
0.45;-0.92;0.04;4.64;-3.60;35.64;48.88;43.99;47.01
1.12;-1.02;-0.07;15.99;-13.06;15.01;50.07;43.14;46.13
0.59;-0.85;-0.01;14.71;-27.47;9.16;50.15;42.76;46.35
0.44;-0.84;-0.08;3.23;-6.65;4.94;49.46;42.97;46.19
0.47;-0.87;-0.08;2.69;-1.34;16.48;49.35;42.91;45.46
0.47;-0.93;-0.04;2.99;6.23;15.38;50.32;41.80;45.91
0.46;-0.89;-0.08;-1.59;0.67;18.25;50.67;42.27;46.20
0.48;-0.90;-0.06;-1.65;-5.55;13.37;50.50;41.33;45.72
0.51;-0.89;-0.07;3.11;-11.29;5.68;50.84;41.21;45.59
0.58;-0.82;-0.13;7.75;-19.47;2.93;50.92;41.44;44.96
0.55;-0.84;-0.08;8.91;-19.04;4.09;50.59;41.13;45.46
0.49;-0.87;-0.04;2.01;-5.62;1.16;50.26;41.30;44.02
0.44;-0.91;-0.09;-5.19;5.80;1.40;50.49;41.94;44.30
0.56;-0.82;-0.14;-7.93;10.31;-1.04;50.81;41.56;45.61
0.49;-0.96;-0.03;-8.24;14.65;-3.42;50.68;41.92;45.17
0.58;-0.86;-0.09;-10.62;14.77;-10.68;50.71;41.56;46.68
0.53;-0.96;-0.08;-8.97;2.75;-16.05;49.69;43.30;45.37
0.47;-1.00;-0.07;-12.21;11.35;-12.08;49.39;43.30;45.78
0.52;-0.98;0.07;-16.48;18.55;-8.00;49.29;43.66;46.06
0.43;-0.90;-0.00;-9.95;-1.46;-8.91;48.24;43.75;45.86
0.36;-0.90;-0.11;-12.39;2.81;-5.43;48.10;44.53;45.59
0.54;-0.87;-0.14;-9.34;8.73;-2.20;47.72;43.96;45.81
0.41;-0.96;-0.10;-2.62;-5.19;-4.21;48.54;44.10;44.81
0.42;-0.92;0.00;-10.13;5.68;-4.82;48.96;43.96;45.08
0.32;-0.89;0.01;-5.86;0.92;-2.20;48.80;43.41;44.07
0.37;-0.91;-0.03;-2.93;-5.37;-1.65;49.30;42.75;44.75
0.38;-1.02;-0.16;-7.08;1.46;1.40;49.33;42.53;44.90
0.32;-0.96;-0.02;-5.98;5.31;-0.61;49.46;42.38;44.13
0.35;-0.93;0.03;-8.36;16.66;0.06;49.18;42.30;45.31
0.26;-0.94;-0.00;-5.00;4.03;4.88;49.54;42.70;44.07
0.32;-0.94;-0.04;-6.47;9.22;4.64;49.52;42.19;45.35
0.31;-0.90;-0.08;-3.97;9.52;0.92;49.55;42.13;46.20
0.33;-0.89;-0.02;-3.97;9.83;4.33;49.41;42.70;45.09
0.17;-0.85;0.00;3.60;-2.50;2.62;49.67;42.93;45.00
0.10;-1.00;-0.08;5.00;-6.23;2.69;49.01;42.69;44.65
0.19;-0.94;0.18;-5.98;10.93;8.06;47.49;43.82;45.01
0.49;-0.91;-0.04;10.07;-20.75;4.94;47.94;44.67;45.72
0.29;-1.02;0.03;15.01;-23.99;3.97;48.11;44.92;46.48
0.45;-0.97;-0.13;11.11;-12.63;9.16;48.00;45.70;44.81
0.42;-0.97;-0.02;3.42;3.78;14.89;47.57;44.80;44.69
0.39;-0.95;-0.00;6.71;-5.43;14.22;47.75;45.50;47.19
0.41;-0.95;-0.04;7.20;-3.72;15.26;48.41;44.97;45.78
0.41;-0.91;-0.09;6.23;-5.98;14.71;48.08;45.12;45.25
0.42;-1.00;-0.07;4.52;-0.98;14.28;48.65;44.82;47.27
0.45;-0.90;0.00;2.01;5.43;18.31;48.49;43.87;47.73
0.39;-0.92;-0.13;6.16;-6.47;22.64;49.05;44.32;45.98
0.44;-0.95;-0.06;-2.32;8.91;26.55;49.91;43.49;46.47
0.59;-0.95;-0.03;-1.22;3.97;29.17;50.39;42.88;47.27
0.51;-0.87;-0.12;2.20;-7.57;18.07;50.57;41.77;46.48
0.56;-0.86;-0.10;3.78;-11.05;8.48;50.59;41.93;47.69
0.49;-0.90;-0.08;6.71;-12.08;9.03;50.56;41.91;47.07
0.52;-0.88;-0.09;8.06;-11.54;9.22;50.62;41.38;45.51
0.53;-0.86;-0.10;7.32;-15.14;6.23;50.95;41.11;46.09
0.53;-0.86;-0.10;6.41;-14.10;3.66;50.20;40.97;45.42
0.53;-0.85;-0.09;5.49;-13.73;2.20;50.57;41.56;44.89
0.52;-0.88;-0.09;-3.78;1.89;3.11;50.78;41.65;44.68
0.43;-0.96;-0.07;-14.34;17.46;7.57;50.07;41.24;45.30
0.52;-0.89;-0.06;-15.81;21.97;1.83;50.99;41.49;46.69
0.55;-0.87;-0.06;-9.40;8.06;-2.32;51.07;41.82;46.00
0.51;-0.88;-0.11;-8.48;8.24;-4.82;50.96;41.61;46.90
0.50;-0.92;-0.04;-10.68;11.23;-4.76;50.43;41.74;45.65
0.48;-0.92;-0.06;-9.83;3.66;-5.74;50.67;41.87;47.20
0.49;-0.95;-0.07;-9.58;4.21;-8.00;50.10;42.70;47.30
0.51;-0.94;-0.03;-12.45;12.15;-8.30;50.28;43.10;47.53
0.53;-0.96;0.00;-8.79;7.87;-6.96;49.84;42.64;46.89
0.54;-0.94;-0.05;-4.39;-0.24;-4.70;48.69;43.24;47.07
0.48;-0.89;-0.14;-0.73;-8.54;-7.26;49.02;43.32;47.42
0.45;-0.85;-0.01;-4.27;-4.46;-6.53;48.60;44.07;46.48
0.39;-0.92;-0.12;6.77;-26.31;-10.07;48.84;43.44;45.12
0.38;-0.89;-0.03;-3.48;-5.13;-11.78;48.56;43.20;44.95
0.29;-0.90;-0.02;-7.26;3.42;-8.00;48.88;43.19;44.67
0.32;-0.91;-0.00;-5.31;-1.04;-3.36;48.65;42.60;44.40
0.31;-0.94;0.03;-8.61;3.48;1.22;47.86;42.90;42.99
0.27;-0.93;-0.03;-5.19;-3.48;3.23;48.65;43.23;43.97
0.26;-0.98;-0.05;-10.93;20.02;2.38;48.45;42.74;45.03
0.34;-0.93;-0.06;-7.14;13.85;3.60;48.11;43.54;45.28
0.22;-1.00;0.07;-15.50;28.75;5.43;48.73;43.02;45.73
0.28;-0.86;-0.10;-0.85;8.00;4.27;48.84;43.18;46.18
0.18;-0.95;0.00;-0.37;0.31;7.81;49.16;43.48;46.09
0.23;-0.93;-0.03;10.07;-6.04;10.25;48.27;43.80;45.94
0.13;-0.91;0.08;10.80;-17.58;11.72;47.72;44.40;46.41
0.43;-0.86;-0.10;11.54;-14.95;7.14;47.55;44.42;47.24
0.32;-0.98;-0.17;11.35;-14.16;11.11;48.16;45.42;46.31
0.60;-0.94;-0.02;-1.40;7.08;10.80;48.29;45.09;46.20
0.50;-0.99;0.02;3.85;6.16;12.82;47.96;44.76;46.89
0.51;-0.94;-0.03;5.25;-2.44;13.92;48.38;44.73;46.88
0.33;-0.92;-0.09;6.35;-8.24;16.05;48.82;44.82;46.50
0.39;-0.87;-0.05;4.64;-2.44;17.03;48.50;44.86;47.69
0.47;-0.90;-0.16;3.23;-3.54;17.03;49.16;43.58;46.09
0.44;-0.94;0.04;-5.31;8.79;23.62;49.56;42.49;47.36
0.67;-1.07;-0.15;-0.55;-10.56;25.76;49.78;42.65;45.89
0.46;-0.85;-0.07;-1.46;6.10;28.08;50.42;41.26;46.78
0.50;-0.89;-0.12;4.09;-8.97;18.68;50.88;41.32;46.34
0.59;-0.85;-0.03;2.99;-5.80;8.18;50.77;40.88;48.16
0.52;-0.88;-0.10;10.80;-13.79;5.49;50.46;40.71;46.50
0.49;-0.90;-0.07;5.25;-9.77;8.42;50.73;40.89;46.56
0.53;-0.87;-0.07;9.16;-10.13;9.28;50.89;40.63;46.30
0.51;-0.86;-0.10;5.31;-8.30;10.19;50.95;40.83;45.86
0.53;-0.86;-0.08;4.94;-7.69;7.39;50.84;40.43;45.65
0.55;-0.83;-0.10;4.52;-8.54;3.48;51.01;40.28;45.80
0.54;-0.86;-0.09;-0.12;-2.44;2.32;50.65;40.20;46.31
0.51;-0.86;-0.09;-1.59;-3.23;-0.55;50.54;40.25;46.31
0.54;-0.85;-0.09;-3.85;1.95;-1.89;50.81;40.23;45.86
0.50;-0.89;-0.09;-6.41;4.76;-3.42;50.48;40.61;45.96
0.52;-0.86;-0.12;-10.13;9.83;-4.15;50.71;41.30;47.20
0.50;-0.91;-0.05;-11.05;16.72;-3.97;50.28;41.19;45.68
0.51;-0.91;-0.07;-9.16;12.94;-8.30;50.81;41.70;46.50
0.50;-0.93;-0.07;-8.24;-2.32;-9.89;50.00;41.86;47.02
0.51;-0.95;-0.07;-9.64;1.89;-11.54;49.48;42.10;46.81
0.60;-1.00;-0.07;0.98;-7.93;-13.61;48.89;42.54;45.57
0.58;-0.98;-0.11;-4.76;-9.34;-14.89;48.28;42.61;45.59
0.51;-0.89;0.04;-9.89;-0.61;-2.93;49.07;42.70;46.06
0.29;-0.86;0.00;-4.46;-8.85;-0.31;48.86;42.59;45.61
0.29;-0.85;-0.09;-8.36;-0.73;-2.87;48.43;42.50;44.87
0.31;-0.89;-0.11;-9.40;5.49;-2.20;49.10;42.30;44.13
0.30;-0.92;0.04;-12.63;18.43;-0.79;48.60;42.85;44.92
0.38;-0.86;0.09;-11.23;24.29;0.67;48.68;42.35;45.84
0.41;-0.90;-0.09;-8.24;8.61;6.29;49.41;42.60;45.74
0.21;-0.96;-0.15;-10.01;16.78;2.38;49.79;41.96;45.63
0.28;-0.91;-0.06;-8.30;21.61;1.40;49.44;42.35;46.95
0.25;-0.91;0.01;1.04;0.55;5.74;49.02;42.74;46.11
0.22;-0.88;0.05;-7.39;12.08;13.00;48.27;42.79;46.48
0.52;-0.84;-0.18;0.24;7.69;9.40;49.21;42.21;47.27
0.35;-0.90;0.06;-1.28;5.92;7.75;48.30;43.79;47.06
0.48;-0.88;0.12;17.03;-9.95;8.06;48.47;43.99;48.79
0.57;-1.07;-0.07;17.09;-25.94;18.43;48.14;44.23;47.41
0.40;-0.87;-0.14;16.48;-19.04;18.80;48.77;43.74;47.58
0.50;-1.05;-0.03;-3.66;3.36;19.47;49.15;43.14;47.95
0.47;-0.88;0.07;7.26;-6.53;19.17;49.37;42.72;48.00
0.43;-0.90;-0.16;9.95;-23.01;22.83;48.94;42.50;46.97
0.65;-1.10;0.03;0.12;-0.31;23.07;50.09;41.38;46.18
0.57;-0.76;-0.17;9.70;-6.29;16.85;50.22;41.64;46.44
0.50;-0.90;-0.02;5.13;-8.91;10.74;50.20;40.44;46.94
0.49;-0.88;-0.07;8.42;-10.19;8.91;50.26;41.21;46.14
0.49;-0.89;-0.08;7.20;-9.89;11.96;50.11;40.59;46.28
0.54;-0.87;-0.05;7.26;-10.07;9.34;50.55;40.54;46.70
0.53;-0.87;-0.09;1.34;-5.49;9.83;51.31;40.34;46.24
0.59;-0.82;-0.09;-1.83;-0.55;9.09;51.25;40.37;45.51
0.53;-0.85;-0.08;-1.22;-2.81;7.81;51.11;40.15;45.87
0.53;-0.85;-0.08;-2.01;-3.30;3.23;51.06;40.38;45.85
0.54;-0.85;-0.08;0.79;-5.49;0.92;50.98;40.04;45.41
0.52;-0.87;-0.07;-1.83;-2.69;0.43;50.55;40.19;44.56
0.53;-0.87;-0.07;-2.99;-0.49;0.73;50.49;40.32;45.29
0.53;-0.86;-0.07;-4.82;2.87;0.85;50.49;40.43;44.90
0.57;-0.83;-0.07;-5.49;5.43;-1.65;50.60;41.00;44.87
0.52;-0.89;-0.14;-7.69;13.43;-2.14;50.11;40.45;46.23
0.54;-0.90;0.00;-8.42;13.98;-5.74;50.67;40.97;46.64
0.55;-0.94;-0.08;-6.47;10.80;-9.83;50.56;41.61;46.70
0.54;-0.95;-0.10;-8.36;4.82;-11.41;50.02;41.30;46.75
0.56;-0.98;-0.03;-12.08;12.88;-10.38;50.00;42.33;47.03
0.57;-0.91;-0.05;-7.69;4.64;-7.93;49.66;42.50;46.98
0.49;-0.88;-0.08;-7.45;3.23;-6.53;49.63;42.29;46.61
0.47;-0.88;-0.04;-7.32;0.37;-5.98;49.88;41.93;46.31
0.39;-0.89;-0.03;-6.59;-8.06;-4.64;49.41;42.42;46.39
0.29;-0.90;-0.01;-9.58;2.87;0.92;50.21;41.46;46.06
0.40;-0.94;-0.02;-13.06;15.20;0.85;50.20;41.06;45.51
0.39;-0.87;0.01;-12.08;16.85;-6.10;50.09;41.49;46.63
0.31;-0.87;0.05;-7.14;8.73;-7.20;49.84;41.31;46.25
0.09;-0.89;-0.14;0.31;-7.02;2.62;49.29;42.27;46.23
0.08;-0.92;-0.28;2.99;-5.68;7.51;49.66;41.87;46.14
0.19;-0.91;0.09;-18.68;41.02;13.37;49.30;42.68;47.41
0.47;-0.84;0.01;4.46;8.18;8.85;49.60;42.81;47.89
0.40;-0.95;0.28;-6.04;23.32;14.04;49.15;43.52;47.92
0.70;-0.90;-0.19;26.37;-29.17;3.60;48.52;43.52;47.95
0.32;-0.97;0.01;6.47;-19.84;18.43;48.84;44.07;46.75
0.67;-0.96;-0.14;11.41;-18.92;10.93;49.18;43.93;46.98
0.41;-0.93;0.03;7.08;-3.30;22.83;49.50;43.23;47.03
0.53;-0.93;-0.27;20.08;-29.66;19.29;49.19;42.58;47.60
0.58;-0.94;0.06;10.07;-3.66;13.18;49.23;42.65;48.60
0.52;-0.92;-0.08;18.37;-25.33;10.44;49.63;42.15;47.31
0.46;-0.93;-0.07;9.83;-12.51;12.82;49.63;42.20;47.41
0.49;-0.89;-0.11;8.67;-11.78;13.85;49.72;41.30;45.73
0.53;-0.87;-0.09;6.53;-8.48;11.54;49.83;41.22;46.20
0.56;-0.83;-0.09;4.21;-8.73;8.30;50.01;41.41;45.64
0.52;-0.86;-0.09;1.40;-3.91;7.02;50.24;41.55;44.87
0.50;-0.87;-0.09;-0.67;-3.60;5.98;50.09;41.50;46.23
0.54;-0.85;-0.10;-2.38;0.24;4.76;50.13;41.39;45.28
0.51;-0.88;-0.09;-2.99;-0.61;3.30;49.90;41.66;45.58
0.51;-0.88;-0.09;-5.13;2.08;2.26;49.57;41.47;46.47
0.50;-0.88;-0.09;-4.21;-0.06;1.89;49.80;41.58;45.57
0.52;-0.87;-0.08;-4.46;0.92;1.71;49.57;41.22;45.26
0.52;-0.86;-0.08;-6.77;2.69;0.79;50.09;41.98;45.96
0.53;-0.87;-0.09;-13.24;9.95;1.53;50.10;41.58;45.41
0.52;-0.87;-0.12;-15.69;14.34;-1.65;50.01;41.32;45.76
0.47;-0.92;-0.03;-10.93;16.30;-5.86;49.71;41.44;46.62
0.53;-0.97;-0.03;-6.65;12.57;-6.96;49.84;42.40;48.30
0.50;-0.95;-0.05;-6.16;2.38;-10.31;49.93;42.60;46.89
0.52;-0.95;-0.04;-7.93;5.43;-9.58;48.68;42.88;46.80
0.49;-0.94;-0.05;-7.02;2.20;-5.74;48.62;42.86;46.24
0.53;-0.87;-0.10;0.92;-14.40;-8.24;48.84;42.90;45.86
0.44;-0.93;-0.11;2.56;-19.53;-8.85;48.89;42.66;45.36
0.39;-0.92;-0.06;-10.01;3.05;-8.85;48.66;42.69;46.37
0.42;-0.91;0.02;-12.21;10.19;-8.48;49.10;42.86;45.64
0.38;-0.90;0.04;-9.34;8.06;-5.13;49.00;42.21;45.19
0.27;-0.93;-0.02;-10.44;9.70;0.00;48.58;42.58;45.13
0.28;-0.91;-0.05;-15.87;28.56;-1.83;49.33;42.31;46.22
0.30;-0.90;0.01;-13.37;24.11;0.12;49.19;42.35;46.59
0.23;-0.90;-0.10;-5.55;6.77;2.56;49.08;42.46;46.02
0.29;-0.93;-0.12;-5.80;11.17;4.03;49.05;42.19;46.36
0.33;-0.93;0.01;-4.94;12.94;6.71;48.95;42.36;46.37
0.24;-0.93;0.00;-1.40;6.47;8.67;49.22;42.94;48.77
0.28;-0.86;-0.01;3.11;1.40;14.10;48.77;43.86;47.46
0.43;-0.90;0.01;5.31;-7.63;14.28;48.32;43.63;48.12
0.46;-0.83;0.01;1.34;2.62;9.46;48.30;43.71;47.80
0.37;-1.00;-0.10;10.19;-17.82;13.49;48.50;44.24;48.57
0.43;-0.85;0.03;3.23;13.85;21.67;48.02;44.46;48.02
0.42;-0.84;-0.14;8.18;-19.17;26.12;48.97;43.98;47.90
0.55;-0.90;-0.14;10.62;-0.24;23.68;48.95;43.32;49.12
0.44;-0.86;-0.11;8.00;-8.00;26.61;49.24;42.94;47.99
0.56;-1.05;0.02;10.44;-2.14;23.74;50.05;42.18;47.09
0.63;-1.01;-0.06;20.81;-18.31;16.30;49.98;41.98;47.31
0.55;-0.83;-0.06;6.77;-5.49;8.79;50.23;41.47;48.10
0.48;-0.89;-0.09;16.85;-22.34;4.46;50.45;41.63;47.81
0.50;-0.91;-0.07;8.79;-12.02;10.38;50.67;40.84;47.49
0.50;-0.89;-0.12;8.61;-13.06;11.72;50.72;40.91;47.28
0.54;-0.86;-0.10;1.28;-5.74;11.17;50.51;40.77;47.00
0.56;-0.82;-0.12;-0.12;-3.23;9.64;51.37;40.60;47.27
0.53;-0.89;-0.08;-2.99;0.98;9.70;51.11;40.28;46.47
